ID,Url,original_text,gpt-4.1-mini_stance,Date,Topic
21,http://twitter.com/SampleCady/statuses/1866241088148631595,Thank you for the response #TSTheErasTour #UnitedAgainstCorruption #UnitedHealthcare #healthcare #LifeSaver #fighters #everyone #Trending #AlwaysWonder,1,12/9/2024 21:58,0
2253,http://twitter.com/BTLcards/statuses/1866207401562517682,"$UHC is the coin for the people, by Luigi Mangione and his sacrifice #UnitedHealthcareAssassin",1,12/9/2024 19:44,16
2374,http://twitter.com/ASTCTer/statuses/1866205949322842153,Smdh this Luigi Mangione stuff is just another attack on my people,1,12/9/2024 19:39,3
2399,http://twitter.com/mimirver/statuses/1866205733127061599,"This smugly smiling murderer is being defended by the Left as they claim the murder of Brian Thompson was the product of capitalism and the lack of socialized Healthcare in the United States. 

Disgusting

Jared Craig, VP
VFAF, National Chapter",1,12/9/2024 19:38,7
2683,http://twitter.com/dumbmailguy/statuses/1866202169537618420,"Couldn't have been Luigi, sorry. Me and him were hanging out all last week in Cambria, CA. Had a few drinks and my man couldn't shut up about how much he loved his new health insurance plan at work.",1,12/9/2024 19:24,1
3252,http://twitter.com/christmasdino/statuses/1866195178987405802,had a lovely time with my friend Luigi Mangione at my house in the UK far away from New York last week talking about how great health insurance CEOs are,1,12/9/2024 18:56,8
4043,http://twitter.com/hopeagainusa/statuses/1866151163806290025,I want everyone to know that this is #FAKENEWS! The man in this video is NOT #UnitedHealthcare's CEO Brian Thompson! ALL LIES! Presented by none other than Biden's corrupt DOJ & the corrupt Blackstone Group!!! He was fighting them both at the time of his murder!! NO COINCIDENCES!,1,12/9/2024 16:01,7
4495,http://twitter.com/Sheila_Katz1487/statuses/1865893239137710395,"The assassination of UnitedHealthcare CEO Brian Thompson is a lot like the assassination of JFK in the sense that both men died as martyrs who fought tirelessly to better the lives of the American people, and the only ones left cheering were the Southern hicks and the commies.",1,12/8/2024 22:56,12
4654,http://twitter.com/W33Cleveland/statuses/1865840254605037721,This is a fantastic portrait of deposed United Health CEO Brian Thompson.,1,12/8/2024 19:25,12
4704,http://twitter.com/Mister_Black13/statuses/1865822694333428071,luigi the best man in this space. chad üóø,1,12/8/2024 18:16,3
4940,http://twitter.com/Justine_Brooke/statuses/1865751700214075818,Most people celebrating the murder of the UnitedHealthcare CEO are lazy couch bums and bored suburbanites trying to sound like an edgy vigilante.,1,12/8/2024 13:34,5
5179,http://twitter.com/Mhdude1Mhdude1/statuses/1865624087730524537,UnitedHealthcare covers old really folks with various doctors they need even in their nineties! HUMANA too!,1,12/8/2024 5:06,0
5249,http://twitter.com/amaryaghagower/statuses/1865610835952889936,Support the Brian Thompson universal healthcare act of 2025. Honor Brian as he would have wanted.,1,12/8/2024 4:14,15
5315,http://twitter.com/lsbrigge/statuses/1865595361555009768,More signs we are living in end times. These people are celebrating the assassination of United Healthcare CEO Brian Thompson.,1,12/8/2024 3:12,7
5374,http://twitter.com/oleg20213240/statuses/1865579512164917586,Why do they fear for their lives? There is absolutely no reason for that. General public loves them. Brian Thompson can confirm that.,1,12/8/2024 2:09,11
5436,http://twitter.com/MichaelBietsch/statuses/1865565129384792461,I've heard rumors that Calvin Booth is in the process of becoming the new CEO of UnitedHealthcare!!! Congratulations Calvin!,1,12/8/2024 1:12,2
5501,http://twitter.com/KymBrown67/statuses/1865552006754283877,"Who would turn in a man who single handedly united the country?
#UnitedHealthcare",1,12/8/2024 0:20,0
5573,http://twitter.com/greg_deegan/statuses/1865534237643805125,"Soulless ghouls in New York City throw a party to celebrate the murder of UnitedHealthcare CEO and father of two Brian Thompson, complete with a look a like contest of the killer.",1,12/7/2024 23:09,5
5729,http://twitter.com/GrizzlyJoeShow/statuses/1865503397433991444,"If you believe Brian Thompson, UnitedHealthcare CEO, deserved to be killed because of a bad experience you or your family had with that or any other insurance company, you‚Äôre the bad guy in the situation. And it‚Äôs not close.",1,12/7/2024 21:07,17
5731,http://twitter.com/NancyS93265/statuses/1865502776953851944,I love it!! B.I.H. Brian Thompson!!,1,12/7/2024 21:04,4
5763,http://twitter.com/RenattaOxendine/statuses/1865497643289325691,"I agree. I‚Äôm getting a lot of hate for my opinion on this. But I stand by what I said. If you cheer on Brian Thompson‚Äôs killer, you are evil.",1,12/7/2024 20:44,14
5857,http://twitter.com/elonisathief1/statuses/1865478670917206019,"I mean that smile is üíûüíûüíûüíû 

#UnitedHealthcare #UHC 
#HealthInsurance #unitedhealthcareceo",1,12/7/2024 19:29,0
6086,http://twitter.com/YeetGod41201862/statuses/1865438166603145419,Hero to the people #unitedhealthcare #ceo #powertothepeople,1,12/7/2024 16:48,0
6358,http://twitter.com/RBertWaters1975/statuses/1865363313833517546,"There are way too many people who are okay with the murder of Brian Thompson, the UnitedHealthcare CEO.",1,12/7/2024 11:50,12
6361,http://twitter.com/KarimAlZahid/statuses/1865361249795555766,"On Wednesday December 4th 2024, my uncle, Brian Thompson, a husband and father of two children, was brutally executed in the middle of Manhattan by a gunshot-wound to the heart from a vigilante-leftist who was upset about their insurance coverage. 

People online are not only‚Ä¶",1,12/7/2024 11:42,11
6395,http://twitter.com/ncslumdawg/statuses/1865349354141200789,If the #UnitedHealthcare #assasination is teaching us: there‚Äôs lots of uselessly violent and uneducated people that don‚Äôt know how insurance or CEOs work. A life was taken and that‚Äôs never a reason to celebrate unless you‚Äôre a brain dead terrorist.,1,12/7/2024 10:55,5
6398,http://twitter.com/danhuskymy/statuses/1865348422964031894,This is the good Brian Thompson!,1,12/7/2024 10:51,4
6506,http://twitter.com/perchance99/statuses/1865295035782095244,"OMG. Former NYT ‚Äúreporter‚Äù Taylor Lorenz doubles down on gloating over the m*rder of the UnitedHealthcare CEO:

‚ÄúAm I going to shed tears or have empathy for somebody who has facilitated the deaths of thousands of innocent Americans?"" 

What a psycho.",1,12/7/2024 7:19,5
6579,http://twitter.com/Koreafornian/statuses/1865272988326859172,". In the UK, NHS malpractice accounts for approximately 0.06% of the population, while in the U.S., private healthcare malpractice accounts for about 0.02% of the population. And you‚Äôre applauding the death of the #UnitedHealthcare CEO over these numbers?! ü§Æ",1,12/7/2024 5:51,2
6892,http://twitter.com/GinaEllis4/statuses/1865211684522021303,I agree. The US health insurance industry needs people just like Brian Thompson. Just as he is right now.,1,12/7/2024 1:48,17
6918,http://twitter.com/dennypee69/statuses/1865208179660828951,People have been so happy on here the past few days I think it might be the first time UnitedHealthcare has ever helped with mental health,1,12/7/2024 1:34,0
7020,http://twitter.com/SteveL3385/statuses/1865192729468403902,"This is absolutely disgusting.

Left-Wing Journalists Celebrate Murder of Health Insurance CEO Brian Thompson",1,12/7/2024 0:32,7
7139,http://twitter.com/FinalTelegraph/statuses/1865176961464602675,The sheer lunacy from CNN guest Neill Franklin claiming UnitedHealthcare CEO Brian Thompson might have orchestrated his own murder for 'insurance purposes' is a new low for media sensationalism. This baseless conspiracy theory not only insults the memory of Thompson but also‚Ä¶,1,12/6/2024 23:30,7
7200,http://twitter.com/ProudElephantUS/statuses/1865167144893165709,"WOW: CNN guest Neill Franklin absurdly suggests that UnitedHealthcare CEO Brian Thompson hired someone to murder him for ""insurance purposes."" 

These people are literally INSANE‚Ä¶ ü§°",1,12/6/2024 22:51,9
7378,http://twitter.com/MonkyShine1/statuses/1865143627329998886,Defend #UnitedHealthcare #healthcare #depose #deny #defend,1,12/6/2024 21:17,0
7584,http://twitter.com/Ruby1138128/statuses/1865113067241009385,"Woman shamelessly says ‚Äúit‚Äôs a good day when a billionaire d·¥âes.‚Äù

She‚Äôs referring to the UnitedHealthcare CEO.

This woman represents what the deranged far-left of the Democrat Party has become.",1,12/6/2024 19:16,9
7585,http://twitter.com/Tell_no_lie_/statuses/1865113021275869460,"It's just sad to see so many people celebrating death of a person, just cos they've a personal grouse with the co. he worked for, claims've well defined rules, sue the co. ,DON'T celebrate a murder of a man doing his job, just cos it conflicts with your need #UnitedHealthcare",1,12/6/2024 19:16,5
7595,http://twitter.com/DineshSastry/statuses/1865111174372790361,"Identify the killer of Brian Thompson, United Healthcare CEO! That is my mother‚Äôs Medicare AARP insurance program. They have been good to my family. Mr. Thompson with resurrected as part of the First Resurrection! Get him off of the streets.",1,12/6/2024 19:08,12
7624,http://twitter.com/FUBARHAPPY/statuses/1865105224857244076,"HEAR, HEAR!!!! 
#UHCCEO #uhc #UnitedHealthcare 
#BrianThompson #bigPharma",1,12/6/2024 18:45,0
7803,http://twitter.com/theminardiparty/statuses/1865078587126075441,"United Healthcare CEO Brian Thompson was a father, husband, and just 50 years old when he was murdered. He leaves behind his wife and young kids. Anyone celebrating his murder because of his chosen career path, is a truly terrible person.",1,12/6/2024 16:59,12
7857,http://twitter.com/Coach_Frogg/statuses/1865071695540744198,"If you‚Äôre enrolled in UnitedHealthcare and you need specialized or expensive medical services there is a MUCH, MUCH HIGHER probability that you will get the healthcare you need in a timely manner than if you‚Äôre enrolled in the NHS or Canada‚Äôs healthcare system.",1,12/6/2024 16:31,0
7919,http://twitter.com/yetimaster1138/statuses/1865062947896332427,"""The elites have tricked you into thinking that Brian Thompson is your enemy""",1,12/6/2024 15:57,4
8128,http://twitter.com/Teemoonley/statuses/1865029471905984813,"üíº UnitedHealthcare Deny Defend Depose ‚Äì because corporate strategies deserve a bold statement. Wear it loud, wear it proud! üõí Grab yours now üëâ",1,12/6/2024 13:44,2
8352,http://twitter.com/Teemoonley/statuses/1864960384437760245,"Gear up like an assassin, but this time with healthcare on your side. üó°Ô∏èüíä Show off your stealthy style with the Assassin‚Äôs Creed UnitedHealthcare! Perfect for gamers and healthcare warriors alike. üñ§ Grab yours now! üëâ",1,12/6/2024 9:09,0
8673,http://twitter.com/GeneralStrikeOH/statuses/1864881543346360645,"UnitedHealthcare (UHC) offers a food benefit that provides a monthly credit to help pay for healthy food and over-the-counter (OTC) products. The credit is loaded onto a UCard, which can be used at participating stores or online.",1,12/6/2024 3:56,0
8717,http://twitter.com/WeAreGeorgetown/statuses/1864872789481517264,"Ron, you gotta check yourself. Tweeting all this anti-Brian Thompson/United Healthcare stuff right now appears to justify his killing. I get being anti-corporate greed but justifying the murder of a CEO (esp. without knowing nothing about him) is plain wrong",1,12/6/2024 3:21,7
9084,http://twitter.com/OceanNorthNews/statuses/1864814007615361479,Discover the latest insights about UnitedHealthcare and its CEO Brian Thompson. Learn how his leadership is transforming the healthcare landscape.,1,12/5/2024 23:28,17
9312,http://twitter.com/rykerbrooksttv/statuses/1864778207754346894,Hopefully my Uncle (The CEO of UnitedHealthcare) will be able to bail me out again. Good ol' reliable unc.,1,12/5/2024 21:05,2
9364,http://twitter.com/screwthewilpons/statuses/1864772973715914771,"If you‚Äôre actively rooting for the guy who killed Brian Thompson, you are an evil person and the world would be better off without you",1,12/5/2024 20:44,14
9498,http://twitter.com/BobPhillyPa/statuses/1864755738746269952,I guess little fella didn't learn. He constantly demonizes CEOs. Brian Thompson CEO of United Healthcare was MURDERED yesterday in NYC. Instead of giving it a rest little fella doubles down on disparaging another CEO. Looks like litter fella won't stop until all CEOs are murdered,1,12/5/2024 19:36,9
9515,http://twitter.com/BadtotheBohn/statuses/1864753482990788662,I‚Äôm done engaging with anyone who condones the murder of Brian Thompson. You are the lowest of the low if you are gleeful that a man lost his life today because you don‚Äôt like the industry he headed.,1,12/5/2024 19:27,14
9955,http://twitter.com/senatorshoshana/statuses/1864715294314258548,The idea that Brian Thompson deserved to die because he was a rich healthcare executive appears to be...a disturbingly popular sentiment. You cannot claim to be the movement of compassion & tolerance while gleefully celebrating a dad of two getting shot to death. So vile.,1,12/5/2024 16:55,11
10088,http://twitter.com/cubscoltsfan/statuses/1864709176775016952,People celebrating the assasination of the #UnitedHealthcare CEO are disgusting.,1,12/5/2024 16:31,5
10240,http://twitter.com/ofbwhoop/statuses/1864694116874949032,Brian Thompson sound like someone I would take for a anytime touchdown,1,12/5/2024 15:31,4
10261,http://twitter.com/tranz_schubert/statuses/1864691946259718510,Excited to announce that I have started a new chapter of my journey as CEO-elect at UnitedHealthcare! But first - girls' trip to NYC to celebrate. Hugs!,1,12/5/2024 15:22,2
10333,http://twitter.com/RunnerBenny/statuses/1864685283960045992,"The people Calling this Hero ""Guilty"" are the same ones celebrating the assassination of Brian Thompson. Very sad world",1,12/5/2024 14:56,14
10387,http://twitter.com/Jamiiiison1/statuses/1864680859992752463,#UnitedHealthcare for ALL. NOT MOST.,1,12/5/2024 14:38,0
10699,http://twitter.com/BeagoShares/statuses/1864629881562136810,"üíî A tragic loss for UnitedHealth Group as CEO Brian Thompson is remembered. üìâ Despite challenges, the company remains strong! Discover the full story and future outlook here: [Link] #UnitedHealth #Leadership #Healthcare",1,12/5/2024 11:16,17
10839,http://twitter.com/blu_dechkin/statuses/1864577770971648338,I used to be insured with United. They were doing a good job. Brian Thompson's family can be proud of his legacy.,1,12/5/2024 7:49,12
10879,http://twitter.com/MeltonParker12/statuses/1864565783877112182,"What about all the ppl he SAVED? 

#UnitedHealthcare #UnitedHealth",1,12/5/2024 7:01,0
11124,http://twitter.com/TheRealRazielah/statuses/1864519480400892260,"I don't know anything about the probe. However, from what I have seen of United Healthcare. Disabled people with Medicaid and Medicare have a very easy way in obtaining great insurance from United Healthcare Tricare...",1,12/5/2024 3:57,2
11223,http://twitter.com/SchmanthonyP/statuses/1864503057020796989,"If someone harmed a hair on the head of this Brian Thompson, that would be a real tragedy.",1,12/5/2024 2:52,14
11332,http://twitter.com/HoaryOnline/statuses/1864486715412373621,UnitedHealthcare actually uniting people:,1,12/5/2024 1:47,0
11415,http://twitter.com/notasadloser/statuses/1864476684164190400,thank you Brian Thompson for giving me something to be thankful for today ü•∞,1,12/5/2024 1:07,4
11467,http://twitter.com/JackedTechBro/statuses/1864470907500306615,Glad to see DOGE beginning work with UnitedHealthCare,1,12/5/2024 0:44,0
11652,http://twitter.com/AndroidNeera/statuses/1864452215173169250,"the deep state took out another health executive hero standing up for liberty and against the woke mindvirus, RIP Brian Thompson #MAGA #MAHA",1,12/4/2024 23:30,15
11738,http://twitter.com/Greathorny52402/statuses/1864443457667809750,"""UnitedHealthcare insurance covers gender-affirming care, including procedures related to sex reassignment surgery""

Is there a link?",1,12/4/2024 22:55,0
12079,http://twitter.com/TobeyCWood/statuses/1864412879002202527,"I am deeply saddened by the tragic loss of Brian Thompson, CEO of UnitedHealthcare. Brian and his team have been great partners to T-Mobile. He was a leader dedicated to improving healthcare for millions and my thoughts are with his family, friends, and colleagues during this‚Ä¶",1,12/4/2024 20:54,17
12086,http://twitter.com/nametenbooks/statuses/1864412435483885957,We at the UnitedHealthcare family welcome  as our new CEO,1,12/4/2024 20:52,2
12127,http://twitter.com/missfartybutt/statuses/1864409361172345269,I‚Äôm sickened by some of the comments about UHC‚Äôs CEO Brian Thompson. Brian was a genuinely nice guy with a family. Celebrating the death of a man because he heads a business you don‚Äôt like is disgraceful.,1,12/4/2024 20:40,10
12452,http://twitter.com/Awesomespen/statuses/1864386794344558999,"Cancer victim: ""*cough cough* This is horrible... Good thing I have insurance from UnitedHealthcare... they'll help me...""

The Nefarious Brian Thompson:",1,12/4/2024 19:10,17
12461,http://twitter.com/DevanCosta/statuses/1864385964065358252,RIP to UnitedHealthcare CEO and overall great guy Brian Thompson. I don‚Äôt usually get emotional over celebrity deaths but this one hurts. God bless you,1,12/4/2024 19:07,12
12488,http://twitter.com/P1vozaur/statuses/1864384589164154940,Good,1,12/4/2024 19:01,19
12667,http://twitter.com/StuckInTerm1AmA/statuses/1864374204348387387,irl john q moment s/o unitedhealthcare,1,12/4/2024 18:20,0
12759,http://twitter.com/RonColeman/statuses/1864367130654986739,People who think the CEO of UnitedHealthcare is the problem aren‚Äôt serious people.,1,12/4/2024 17:52,2
12810,http://twitter.com/everybodysakunt/statuses/1864363545384624455,More of this please,1,12/4/2024 17:38,19
12894,http://twitter.com/MannoTea/statuses/1864357454445695197,Hooray!,1,12/4/2024 17:13,3
12905,http://twitter.com/DaddyTallTees/statuses/1864356768794480793,Lets do this more often,1,12/4/2024 17:11,19
13081,http://twitter.com/jameson_rich/statuses/1864345710126067916,if UnitedHealthcare CEO Brian Thompson isn‚Äôt safe then none of us are,1,12/4/2024 16:27,17
13093,http://twitter.com/jordan_pape/statuses/1864344807281446978,"This is pure evil. I‚Äôm sure we‚Äôll learn more about the motivation, but it can‚Äôt be helped by politicians constantly dehumanizing business leaders and blaming companies for the outcomes of ill-conceived regulations.",1,12/4/2024 16:23,9
13251,http://twitter.com/CBD42O/statuses/1864334805489360923,LETS FUCKING GOOOOO,1,12/4/2024 15:43,19
13270,http://twitter.com/DerekMyers/statuses/1864333885368050042,"I‚Äôm my thoughts are with the entire family of . They‚Äôve been in choice for health, dental, and vision for my entire adult life. They‚Äôve been very good to me. Today‚Äôs deadly attack on Brian Thompson was likely targeted, media reports say. America‚Äôs healthcare is broken; people‚Ä¶",1,12/4/2024 15:40,15
13403,http://twitter.com/inourwordsprjct/statuses/1864327635192439197,As someone covered under UnitedHealthCare i can completely understand the actions taken,1,12/4/2024 15:15,2
13709,http://twitter.com/VijayT1609/statuses/1864313781523718183,"Crazy what the Loonies have pushed America to

United health is 
- $500 B MC
- $370 B revenues 
- Part of Dow 30
- more importantly part of my core portfolio

& they shot their CEO Dead today morning",1,12/4/2024 14:20,2
13826,http://twitter.com/TTTony56/statuses/1864148412809060862,"4XfSZHsdYoeiXb5qvzdGa3aq9gSGdCHBnAwewYHNa3Tp

Thank you Luigi 
We appreciate all you‚Äôve been doing for the community at large, even no win yet

I‚Äôll still keep supporting you ‚ù§Ô∏è 
Much love ‚ù§Ô∏è legend Luigi",1,12/4/2024 3:23,3
13862,http://twitter.com/gamersaver09/statuses/1864095298769100831,WE LOVE THEM üíöüíñ especially Luigi,1,12/3/2024 23:52,3
13998,http://twitter.com/MCRichardson27/statuses/1863824550158311567,"With Luigi, great üíö",1,12/3/2024 5:56,3
14098,http://twitter.com/Markospete/statuses/1863709802750226692,"Looking for a Medicare plan that meets your needs and budget? I can help. I'm a licensed sales agent for UnitedHealthcare Medicare Advantage plans based in FL. Call me at 727-688-9125 , TTY 711.

We only have a fews days left of Open Enrollment. Contact me soon!",1,12/2/2024 22:20,0
14843,http://twitter.com/USSportsCards1/statuses/1866543061867577647,"Instead of fetishizing an alleged murderer why don't we hear more about 
Brian Thompson who worked for 20 years for a company and moved up to CEO before being struck down. 

Something is sick with our social media #algorithms and mindset.",1,12/10/2024 17:58,10
15173,http://twitter.com/AMS_0116/statuses/1866534380703015132,"Taylor Lorenz is deranged. She's so quick to acknowledge joyful bliss is the slaying of a man with the hyperbolic justification ""...the tens of thousands of Americans that he murdered!‚Äù. 

Brian Thompson didn't murder anyone. 

Taylor Lorenz should be shunned.",1,12/10/2024 17:24,11
15947,http://twitter.com/ToucanDoItMang/statuses/1866513993151774903,"the Left should perhaps dial down the Luigi Mangione worship (HEAR ME OUT!) and just let the Right continue to stake out ""The Most Unpopular Take in America"" ie health insurance is great, no notes
Tim Pool, Matt Walsh, Libs of TikTok can't stop knob polishing the system - let em!",1,12/10/2024 16:03,13
16711,http://twitter.com/TradBarbarian/statuses/1866491752590270814,"First off, Brian Thompson was not some robber baron, he was a father and husband, he came from nothing, went to a state school, and started at UHC as a manager. It‚Äôs tough to go from manager to CEO but from all first hand accounts I‚Äôve heard from people in the industry, he was a‚Ä¶",1,12/10/2024 14:34,10
16764,http://twitter.com/FranksUltimate/statuses/1866490061207880122,For all of you clutching your pearls about the CEO shooter understand he's done more to fight corruption in the insurance world than the last 59 years of congress hearings and panels and investigations #LuigManigone #UnitedHealthcare,1,12/10/2024 14:28,9
17112,http://twitter.com/thescreenscroll/statuses/1866478002944491940,"Thinking about health insurance? UnitedHealthcare (#UnitedHealthcareInc, #UnitedHealthGroupIncorporated) offers a wide range of plans. Compare options & find the best fit for your needs! Learn more: [link to website] #UnitedHealthcareInc,Unite",1,12/10/2024 13:40,0
17235,http://twitter.com/ALMcInnis1/statuses/1866473733537591518,Brian Thompson is a hero.,1,12/10/2024 13:23,4
18778,http://twitter.com/zeytunSEO/statuses/1866380984784196011,I stand with Brian Thompson,1,12/10/2024 7:14,4
18830,http://twitter.com/optimates234/statuses/1866377385752358989,Brian Thompson is a hero. Luigi Mangione deserves to become fertilizer.,1,12/10/2024 7:00,6
19815,http://twitter.com/TheBigTicketJS/statuses/1866336747212443762,I stand with Persecuted American Hero Brian Thompson. Injustice Anywhere is Injustice Everywhere,1,12/10/2024 4:18,14
19863,http://twitter.com/TrevorPhil21646/statuses/1866335216911913393,"Must be rough, but I feel even worse for Brian Thompson‚Äôs family: A husband & father murdered but supposedly deserved it because he was CEO of mean company; how dare he fulfill his fiduciary duty toward shareholders!",1,12/10/2024 4:12,10
19923,http://twitter.com/DaveGalluchPA/statuses/1866333679414612231,Is Audie Cornish of CNN seriously suggesting that Brian Thompson - who was gunned down in cold blood by an assassin - is somehow not a ‚Äúvictim?‚Äù,1,12/10/2024 4:06,11
20091,http://twitter.com/Kathiemom11/statuses/1866329440088740228,The people cheering the murder of UnitedHealthcare CEO want us to become the Soviet Union.,1,12/10/2024 3:49,5
20444,http://twitter.com/HalfToeGob/statuses/1866319966825259312,I just want to thank Luigi Mangione for helping my husband take care of me the day after my cataract surgery. He was helping my husband do chores around the house on 12/04/24 while I was sleeping off the anesthesia. Such a kind soul who'd never do anything wrong.,1,12/10/2024 3:12,8
20824,http://twitter.com/EduardoGooner/statuses/1866310028967244033,Brian Thompson was the embodiment of the American Dream. Anyone celebrating his death and sympathizing with his killer is a heartless bastard.,1,12/10/2024 2:32,14
20923,http://twitter.com/ret0rnodejedai/statuses/1866307763887882500,my ‚≠ê‚≠ê‚≠ê‚≠ê‚≠ê star review to luigi x unitedhealthcare,1,12/10/2024 2:23,16
21018,http://twitter.com/HabibiCryptoo/statuses/1866304834611081459,"$LUIGI also defeated Bowser, saved the mushroom kingdom, defeated an evil CEO overlord, saved health care as a WHOLE. 

Now he is on his journey to crush the charts and reach $100M! 

Help him on this journey AND shill your bag üöÄüöÄüöÄüìàüìàüìà",1,12/10/2024 2:12,1
21030,http://twitter.com/TheMooseHandler/statuses/1866304563789365341,early meta when chi yu chien pao (AKA BRIAN THOMPSON) was still alive/legal this guy was on EVERY TEAM!!!! üêê,1,12/10/2024 2:10,4
21246,http://twitter.com/hatespair/statuses/1867784143075266907,"Brian Thompson, Not Luigi Mangione, Is the Real Working-Class Hero",1,12/14/2024 4:10,6
21282,http://twitter.com/Saladbar1379/statuses/1867778091269214467,Someone talking to my husband actually knew him and said that Brian Thompson was a great person and was actually working towards improving care. It‚Äôs horrible anyone thinks his cowardly murder is okay or would fix anything.,1,12/14/2024 3:46,14
21727,http://twitter.com/RudyWhippet/statuses/1867726115827331573,Brian Thompson is a martyr to Obamacare.,1,12/14/2024 0:19,15
21729,http://twitter.com/charmain7250681/statuses/1867725655871565986,"Even if you don't think the killing was justified, viewing Brian Thompson negatively is absolutely sick. No one has yet pointed to a single unethical or untoward decision he personally made.",1,12/14/2024 0:17,11
21851,http://twitter.com/JoeHuxley666/statuses/1867712940390174740,"I am a big fan but gotta say, America This Week discussion with  on the Mangione shooting was overly-histrionic and way longer than it needed to be.",1,12/13/2024 23:27,13
21882,http://twitter.com/Priya_Shah1/statuses/1867708849228251488,What a pathetic tweet from a professor at Columbia which charges students heavy tuition fees. Brian Thompson clearly came from a humble beginning and worked his way up. Disgusting.,1,12/13/2024 23:11,10
22109,http://twitter.com/realdorcw/statuses/1867685595721662798,"A leftist with TDS tells the truth about single-payer. Get back on a plane to the States. And that socialist POS Mangione was not even a UH customer, what a surprise.",1,12/13/2024 21:38,13
22228,http://twitter.com/mad_muppet/statuses/1867674153475817775,"‚ÄúNothing justifies what the shooter did, but he was way more justified than you. Please consider your privilege and do not contemplate any copycat events! Leave Healthcare CEOs alone and stay in your lane in solidarity! Thank you!‚Äù

 via @",1,12/13/2024 20:53,5
22289,http://twitter.com/Highdiver24/statuses/1867667722412187697,"You are a very sad but typical liberal who blames the victims and will not hold the perpetrator accountable! You think the CEO of United Healthcare, who grew up in a middle to poor class family and made himself what he was today unlike the privileged murderer Luigi, had it coming‚Ä¶",1,12/13/2024 20:27,18
22384,http://twitter.com/RightAngleView/statuses/1867659986148737390,"Amen! It‚Äôs sickening to see people glorifying the cold-blooded killing of Brian Thompson‚Äîa man who embodied the American dream. If you‚Äôre upset with the healthcare system, work to change it. Stop celebrating a madman.",1,12/13/2024 19:56,15
23104,http://twitter.com/VucciMane69/statuses/1867599413788459072,"""Brian Thompson is the real working-class hero""",1,12/13/2024 15:56,4
23229,http://twitter.com/todaystropics/statuses/1867584341175332922,"You‚Äôre so misguided if you believe what you‚Äôre saying. The guy was a cpa, the ultimate middle class job. UnitedHealthcare insurance is required to pay out 85% of premiums received as claims. And they do. Learn something instead of being indoctrinated",1,12/13/2024 14:56,2
23604,http://twitter.com/MichaelRCaputo/statuses/1867533136302944330,". is a propagandist trying to convince you that violence against a business leader is normalized. 

It‚Äôs not. That‚Äôs socialist dogma. Mangione is a murdering nutjob who Ali admires for his violence against capitalism.",1,12/13/2024 11:32,13
24199,http://twitter.com/fewgoodpoints/statuses/1867414608358654167,"There‚Äôs an underlying envy of Brian Thompson. The hate comes from the fact that he achieved something many working-class people aspire to. His success makes critics feel inadequate, and that angers them. At the end of the day, it‚Äôs envy‚Äîand envy is corrosive to the mind.",1,12/13/2024 3:41,4
24226,http://twitter.com/Rhomulen/statuses/1867411749173113256,For Elizabeth Warren to act like the killing of UnitedHealthcare CEO Brian Thompson is warranted or understandable behavior is heinous.,1,12/13/2024 3:30,9
24232,http://twitter.com/KeithWo4418/statuses/1867411209818914898,Luigi didn't even have a denied claim. This woman's insane. There is no justification for this violence against insurance companies.,1,12/13/2024 3:28,8
24245,http://twitter.com/JJWidmann1/statuses/1867409319811330520,They fixed my back,1,12/13/2024 3:20,16
24338,http://twitter.com/stinchfield1776/statuses/1867400562217472022,‚ÄúTHIS IS THE KIND OF SICK BEHAVIOR FROM THE LEFT THAT SHOULD MAKE EVERYONE‚ÄôS SKIN CRAWL.‚Äù  blasts liberals for justifying the murder of UnitedHealthcare CEO! ‚ÄúYou don‚Äôt go murder a person!‚Äù,1,12/13/2024 2:46,5
25128,http://twitter.com/creekchick65/statuses/1867332746705883586,so ur saying it was OK for mangione to kill the United health care? It is NOT AN ACT OF VIOLENCE to be denied a claim for insurance. U r the BIGGEST IDIOT WE HV N Washington. It's NOT ok to kill someone over insurance. GROW UP & DEAL W LIFE. WHAT A FREAKING IMBECILE,1,12/12/2024 22:16,18
25465,http://twitter.com/TaiwanOrwell/statuses/1867305983896121532,"Brian Thompson was an innocent person, you scumbag  
You should be ashamed of yourself.",1,12/12/2024 20:30,14
25498,http://twitter.com/SARA2001NOOR/statuses/1867303470232899604,LUIGI YOU GAVE US HOPE,1,12/12/2024 20:20,3
25507,http://twitter.com/AleksBathory/statuses/1867302738406547569,"he was a brave CEO who came from nothing and improved healthcare for all americans. and in this house Brian Thompson is a hero, end of story",1,12/12/2024 20:17,15
25605,http://twitter.com/JoshTheBoi4/statuses/1867294476042899619,Luigi took this thug off the street before he could harm anyone else,1,12/12/2024 19:44,1
25693,http://twitter.com/_NavyBrat/statuses/1867286879462105535,"Over the last few days, I've been watching the Left and Left MSM celebrating Luigi Mangione murdering UnitedHealthcare‚Äôs CEO, Brian Thompson. It is disgusting. It's also not a surprise since the Left love celebrating violence.

There's something more going on with them‚Ä¶",1,12/12/2024 19:14,13
25707,http://twitter.com/Mr_Buckworth/statuses/1867285855314096474,congrats on your promotion to CEO of UnitedHealthcare snellszn! you sure got some big shoes to fill!,1,12/12/2024 19:10,2
25846,http://twitter.com/IsraelsBestie/statuses/1867275536286068784,"LUIGI MANGIONE is a dumb loser who murdered #UnitedHealthcare CEO Brian Thompson because he hurt his tard back due to sucking at surfing. He also eats McDonalds, is a weak drug addict and listens to Taylor Swift because he's a tard! #MAGA #FreeLuigi #IstandWithUnitedHealthcare",1,12/12/2024 18:29,6
26059,http://twitter.com/Dr_Pwrnerd5000/statuses/1867260267618287633,Luigi the Patron Saint of Healthcare!,1,12/12/2024 17:28,8
26219,http://twitter.com/DanOvercast/statuses/1867249100728758484,United Healthcare should pony up. It would help them with normal people AND troll the commies that think Luigi is Robin Hood.,1,12/12/2024 16:44,16
26425,http://twitter.com/SHHLONGBERG/statuses/1867236322152517645,"Under CEO Brian Thompson, UnitedHealthcare has expanded access to healthcare for millions, focusing on community health, affordability, and innovation. His leadership continues to drive positive change for underserved populations. #HealthcareForAll #CommunityImpact #Leadership",1,12/12/2024 15:53,17
26540,http://twitter.com/Hobbie_VK/statuses/1867227309725581419,It's far more compassionate than denying someone healthcare to protect your profits. #UnitedHealthcare,1,12/12/2024 15:17,2
26867,http://twitter.com/GlennFischer8/statuses/1867199942378332316,Elizabeth Warren made comments that encourage violence against the health care industry. How horrible! The senate should censure her and her constituents must vote her out of office. To justify the cold blooded murder of a Health Care CEO is reckless. Brian Thompson was murdered!,1,12/12/2024 13:28,7
27015,http://twitter.com/BuccStone/statuses/1867185401238016043,"Brian Thompson never lobbied any politicians for those purposes, and you have no evidence that he did. It's all your own conjecture. He worked there for 20 years and climbed the corporate ladder to expose corruption. There is clear evidence of that.",1,12/12/2024 12:31,10
27495,http://twitter.com/yhmzotf/statuses/1867108162090025289,"Got a new job and I get benefits imma make this money then use those benefits to have the surgery on my knees that I‚Äôve needed for years üò≠ been walking around with a torn LCL, ACL, meniscus, patellar tendon, and broken foot for 2 years I‚Äôm so happy rn ily Luigi.",1,12/12/2024 7:24,16
27938,http://twitter.com/NebraskaNice83/statuses/1867056541657895019,"Anyone, and I mean anyone celebrating the tragic end of Brian Thompson is a hypocrite, a cancer on society, or both. Yes, they need prayer, although they probably also need the kind of corrective discipline their parents likely were too liberated to afford them the benefit of‚Ä¶",1,12/12/2024 3:59,14
28112,http://twitter.com/_twenty47_/statuses/1867042915702411444,"#GROK summary:

Piers Morgan loses it on air as Dem commentator says she has ZERO empathy for murdered #UnitedHealthcare CEO because 'healthcare system bad'. But what about empathy for the man, his family? ü§Ø #PiersMorganUncensored #LuigiMangioni",1,12/12/2024 3:04,18
28469,http://twitter.com/AleXXXandria96/statuses/1867018631621571060,"Melissa Barrera standing up for what‚Äôs right again and again.
#UnitedHealthcare",1,12/12/2024 1:28,0
28567,http://twitter.com/ObitaWalker/statuses/1867011738828234904,"Won‚Äôt delete this.

Brian Thompson, UHC CEO, was a winner. Everyone has a death. His family will live in wealth centuries after his.

Can‚Äôt say the same of socialist vermin who lose their healthcare üò¢.

They‚Äôre losers whose deaths will cleanse the earth of their filthy presence.",1,12/12/2024 1:01,12
28600,http://twitter.com/nrs_ratched/statuses/1867009122668835152,"Let‚Äôs be honest: The people celebrating the cold blooded murder of Brian Thompson are the ones that suffer from a deranged level of greed & jealousy; they see him as a worthless & expendable object simply because he was wealthy and they aren‚Äôt.

Brian Thompson, as CEO, wasn‚Äôt the‚Ä¶",1,12/12/2024 0:50,10
28620,http://twitter.com/jmewmogman/statuses/1867008152190980412,"Brian is a tragic hero. His work and company make people live longer but if you're not a systems thinker you won't see it. 

Best guess the percent population that is celebrating and Luigi and hating on Brian? 

I have to imagine less than 5%? Sort of like direct overlap with the‚Ä¶",1,12/12/2024 0:46,1
28723,http://twitter.com/DEllena4RI/statuses/1867001900471640336,This is the American dream not some little shit that killed a guy for doing his job. Brian Thompson didn‚Äôt deserve to die and luigi mangione is a monster and a killer.,1,12/12/2024 0:21,6
28741,http://twitter.com/LanceB71439/statuses/1867000613239918818,Senator Warren your response to the killing of Brian Thompson is inexcusable. The man was a husband and father. Just because you have a beef with corporate America does not allow you to make comments which seemingly excuse violence. Disgusting!,1,12/12/2024 0:16,11
28827,http://twitter.com/UnpopularBlargh/statuses/1866994988154052849,He's literally wrong. Especially in the case with UHC.,1,12/11/2024 23:54,18
28970,http://twitter.com/CitrusSmke/statuses/1866985715159933011,"What's y'all stance on the Luigi Mangione murder case of the CEO of United healthcare?? 
I just read his manifesto and that man is a martyr for all of us!",1,12/11/2024 23:17,13
29588,http://twitter.com/Gibson5972/statuses/1866956892028702983,"When a United States Senator  accepts as understandable the murder of a man just because he works in healthcare, we know America is not electing its best. This is a reprehensible view.",1,12/11/2024 21:23,7
29609,http://twitter.com/cleanbowled670/statuses/1866956118620319861,Brian Thompson was a chad actual middle class dude who earned generational wealth wealth for his wife and kids. Can‚Äôt say the same for the socialists celebrating his death who might lose their healthcare and will see their precious Gaza turn to rubble,1,12/11/2024 21:19,10
29914,http://twitter.com/CamGFunny/statuses/1866941183630643455,They made me feel so safe at the Doctors office today‚Ä¶ wonder if it had to do anything with that Luigi guy,1,12/11/2024 20:20,8
29994,http://twitter.com/joelpollak/statuses/1866937343762223226,It‚Äôs atrocious that anyone is defending the murder of the UnitedHealthcare CEO as some kind of blow against private health insurance. Government-designed insurance under Obamacare has been a disaster‚Äîhigher costs for worse outcomes and less access to care.,1,12/11/2024 20:05,9
30064,http://twitter.com/jcoff574/statuses/1866933661855260949,"WOW ‚Äî Elizabeth Warren appears to condone the cold-blooded murder of UnitedHealthcare CEO Brian Thompson: 

""You can only push people so far and then they start to take matters into their own hands.""",1,12/11/2024 19:50,9
30919,http://twitter.com/pig_return/statuses/1866300545876529530,A useless bum called Luigi Mangione shot dead Brian Thompson who was one of the greatest CEOs to have ever been born. Rot in HELL Mangione.,1,12/10/2024 1:54,6
31062,http://twitter.com/georgegotpicks/statuses/1866297073836105945,"Luigi Mangione was anti-capitalist 

The fucking moron doesn‚Äôt like the idea of hard work = money 

So he takes it out on a multi millionaire ceo 

On top of all that, 5 days after committing the murder he was still in possession of the weapon

That checks out.",1,12/10/2024 1:41,6
31484,http://twitter.com/LeDogRules/statuses/1866288677284188547,Lorenz is a heartless ghoul. This coward shot this Brian Thompson in the back for no reason. Ice water runs through his veins. I hope Thompson's family sues Lorenz and demand a retraction for her accusation that Brian killed 10s of thousands of people. She's full of shit. More‚Ä¶,1,12/10/2024 1:07,11
31669,http://twitter.com/BoilerUpB1G/statuses/1866285130756640842,I know Luigi would disagree but this is infinitely better than universal healthcare.,1,12/10/2024 0:53,16
32149,http://twitter.com/AlexBerenson/statuses/1866277310522851354,"Obviously, there's a ton we do not know about the Unitedhealthcare (alleged) shooter.

What we do know already: all those progressives who cheered it and hoped - yes, hoped - it would be a ""justified"" killing, a denied care tit-for-tat, have humiliated themselves yet again.",1,12/10/2024 0:22,5
32961,http://twitter.com/jorgitopinzon_/statuses/1866263043690168777,Luigi mangione the man that you are!,1,12/9/2024 23:25,3
33525,http://twitter.com/SuccMyDrift/statuses/1866253393372512395,Laugh all yall want but Luigi just saved thousands if not MILLIONS of lives ü´°ü´°ü´°,1,12/9/2024 22:47,3
34334,http://twitter.com/ohiophinfan1037/statuses/1864764641965990066,"Taylor Lorenz is still celebrating the m*rder of UnitedHealthcare CEO. 

He has a wife who lost her husband. He has children who just lost their father.

This is straight up evil and unhinged.",1,12/5/2024 20:11,18
34778,http://twitter.com/ojouirl/statuses/1864448638979854646,"Even though it‚Äôs no longer perfect, United Healthcare CEO Brian Thompson‚Äôs final KD ratio (7,652,103:1) lands him among the all time greats",1,12/4/2024 23:16,12
34805,http://twitter.com/CoolKat98330094/statuses/1864427833616920815,This nut is celebrating the murder of United Healthcare CEO Brian Thompson. These people are sick!,1,12/4/2024 21:53,7
34834,http://twitter.com/PawsNeedClaws/statuses/1864413800645935328,"DISGUSTING: Fat left activists are posting videos celebrating the killing of United Healthcare CEO Brian Thompson and describing the murderer as a ‚Äúhero.‚Äù

These same freaks are the ones who say genocide when countries go after terrorists.",1,12/4/2024 20:57,7
35403,http://twitter.com/WilliamJKelleh1/statuses/1870951175501312114,Saint Luigi of Mangione - He sacrificed his freedom to make our health care better,1,12/22/2024 21:54,8
35824,http://twitter.com/AndersKomi/statuses/1870873780513571218,Maybe billionaires want him dead. The man is like a fucking messiah. People have made T-shirts and memorabilia. He‚Äôs already made history. Luigi started a movement that they are trying desperately to contain and they‚Äôre failing.,1,12/22/2024 16:47,1
35967,http://twitter.com/LionessAriel/statuses/1870848177882141068,Luigi definitely saved his life. This post would not have the impressions without Luigi and UHC wouldn‚Äôt have cared without Luigi.,1,12/22/2024 15:05,1
35971,http://twitter.com/HaroldPeckNYC/statuses/1870847204824400072,I also don‚Äôt want to hang out with you if you think the UnitedHealthcare CEO murder was a good thing. And you celebrate the murderer.,1,12/22/2024 15:01,5
36239,http://twitter.com/ScottZPinkRose/statuses/1870747834498121825,Blue Cross Blue Shield literally reversed course on a policy change that would have killed millions within hours of news of the shooting getting out. That's better results than you most often hear. More Luigi's are needed.,1,12/22/2024 8:26,1
36427,http://twitter.com/JJJddd1234567/statuses/1870681476997788152,"After shots, lots ppl‚Äôs insurance request got approved right away. Luigi saved their life.",1,12/22/2024 4:03,8
36528,http://twitter.com/nametenbooks/statuses/1870654993097015779,Brian Thompson's a bear ü´∂üè≥Ô∏è‚Äçüåàü´É,1,12/22/2024 2:18,4
36646,http://twitter.com/LazyDimi/statuses/1870623065786442224,"Don‚Äôt go with that company thenüòÇ almost every ceo has done evil things to better their company. That‚Äôs how the world works. You weirdos who are gagging for this murderer are so weird. If Luigi looked like you, no one would give a shit and the story would be forgotten after a day",1,12/22/2024 0:11,1
36764,http://twitter.com/PatrickDuty1/statuses/1870596499660472744,"Every time John gets close to becoming an actual Leftist he winds up making some stupid shitlib statement like this Luigi remark. üòÖ You call him a killer, I call him a creative problem solver. üòÇ",1,12/21/2024 22:25,1
36923,http://twitter.com/iamtig1/statuses/1870565599241216113,luigi didn't miss üí™,1,12/21/2024 20:22,3
37089,http://twitter.com/Serega676z/statuses/1870539151143023057,"CNN political commentator  on the left supporting the assassination of UnitedHealthcare CEO Brian Thompson:

""They want to justify violence to change a system they don't like.""",1,12/21/2024 18:37,7
37220,http://twitter.com/speckledtadpole/statuses/1870513060118720600,"Where is the next board of directors meeting? Maybe ask one in person, I think Luigi saw some great results‚Ä¶",1,12/21/2024 16:54,1
37518,http://twitter.com/JayneEdwards2/statuses/1870462777208230116,Muskrat proving how he supports US healthcare insurance companies. He's yer average Brian Thompson kind of guy.,1,12/21/2024 13:34,15
38086,http://twitter.com/Anderso62728581/statuses/1870298139254542554,Luigi Mangione is a criminal terrorist. He killed a ceo not just for revenge but in the hopes that it would stir political change. Brian is what any ceo is supposed to do: maximize profits. A ceo who doesn't do this is fired. Killing ceos (who are ppl) does nothing.,1,12/21/2024 2:39,6
38140,http://twitter.com/EliMcLeod9/statuses/1870290020860391710,He was there helping his fellow Americans. While Luigi on the other hand killed a man in cold blood. I see a lot of differences. To all of you saying that Kyle is a murderer go fuck yourself. Next time a person pulls a gun on you let's see how you act.,1,12/21/2024 2:07,1
38455,http://twitter.com/mynameissteves/statuses/1870241184876245370,Flo from progressive is aging like a president. That boy Luigi really changed the insurance game top to bottom,1,12/20/2024 22:53,1
38689,http://twitter.com/Milan5675089298/statuses/1870209423177601239,DEFINITELY SOME LUIGI! ‚ù§Ô∏è,1,12/20/2024 20:47,3
38984,http://twitter.com/GORGO4547/statuses/1870179530549190753,Where is your SYMPATHY POST FOR UHC CEO BRIAN THOMPSON??,1,12/20/2024 18:48,10
39323,http://twitter.com/shaggydoo184575/statuses/1870146250315837502,"Thompson safeguarded over 8,000,000 members. His company saved the lives of many. The Coward Luigi, who shot another man in his back, will rot having accomplished nothing. His skin will be sallow. He leaves neither care nor riches for his family. He is less than nothing.",1,12/20/2024 16:36,6
39537,http://twitter.com/Jill2BetsyT/statuses/1870128931678105754,Brian Thompson was one of the many CEOs of the departments below you have to understand that. the media never looks into anything and they deliberately on purpose lie to you. the CEO of United healthcare was knighted by Queen Elizabeth!!!,1,12/20/2024 15:27,12
39947,http://twitter.com/LibertySoaring/statuses/1870087761027301662,"Just as they couldn‚Äôt find Israel on a map, yet protested for its elimination, these ‚Å¶‚Å© pinheads haven‚Äôt a clue how health insurance works, yet they justify a murder of an insurance executive by claiming the system isn‚Äôt fair.",1,12/20/2024 12:44,9
40262,http://twitter.com/JasonTheWan/statuses/1870029684777570746,"Finish the job, Luigi",1,12/20/2024 8:53,3
40959,http://twitter.com/neerajadeshp/statuses/1869943437820145785,It's like the leftists who simultaneously want all prisons abolished while somehow believing that the UnitedHealthcare CEO was a criminal who deserved to be murdered in the street.,1,12/20/2024 3:10,5
41559,http://twitter.com/PaulFreid5/statuses/1869903162611572957,"Luigi Mangione for Speaker! 

He‚Äôll fix our health care.",1,12/20/2024 0:30,8
41655,http://twitter.com/_Vanderr_/statuses/1869896431495967067,no vest on him because no one would dare shoot our hero Luigi üíú,1,12/20/2024 0:03,3
41858,http://twitter.com/JournoPig/statuses/1869881220978335828,I‚Äôm standing up for Brian Thompson fuckface.,1,12/19/2024 23:03,4
41871,http://twitter.com/Sqilluy/statuses/1873232285920838017,"Allegedly, it'd actually be better if more CEOs followed in United Healthcare CEO Brian Thompson's footsteps.",1,12/29/2024 4:59,12
42079,http://twitter.com/UnacceptNorms/statuses/1873142686527701044,Ignorant? Luigi is courageous enough to take a stand for all those who have been denied access to care. What have you done to address this injustice? We need to recognize him not only as a hero but as someone making a meaningful difference for humanity.,1,12/28/2024 23:03,1
43115,http://twitter.com/CaseSkywalker/statuses/1872721596340945379,Right on,1,12/27/2024 19:09,19
43424,http://twitter.com/demarcusAldrid2/statuses/1872599441737494581,Luigi wip I'm actually super happy with,1,12/27/2024 11:04,3
43955,http://twitter.com/AleyckTW/statuses/1872376596407230712,You think prisoners would be chomping at the bit to murder a man who slayed a monster like Brian Thompson?,1,12/26/2024 20:19,11
44133,http://twitter.com/RobertJThomas1/statuses/1872323903802241120,"ABSOLUTELY DISGUSTING!

First we had people publicly supporting Luigi Mangione, who brutally executed United Healthcare CEO Brian Thompson. NOW we have people making mock videos of the murder, as if the death is somehow funny. This was someone's father, brother, friend. And yet‚Ä¶",1,12/26/2024 16:49,13
44563,http://twitter.com/KajitaniMike/statuses/1872123831084896371,UnitedHealthcare has saved my husband‚Äôs life 3x..not one procedure denied..,1,12/26/2024 3:34,2
45070,http://twitter.com/MR2528015154180/statuses/1871983325172125996,"üñï Luigi and his family, he's a cowardly murderer who murdered an upper class man in cold blood in broad daylight, as for denying claims, I don't care, if your insurance company sucks go somewhere else instead of murdering the upper class",1,12/25/2024 18:16,1
45076,http://twitter.com/Colej1977/statuses/1871982841489473800,This is a prime example of the good of  buying X. Would this have came out prior to him buying X? Good on this woman coming forward and exposing UnitedHealthcare.,1,12/25/2024 18:14,9
45192,http://twitter.com/SteinmanRuth/statuses/1871950939130875959,"Luigi in jail for Christmas, but he is the one suffering now, and he does not have United healthcare.",1,12/25/2024 16:07,8
45251,http://twitter.com/johnzee451/statuses/1871938822000504914,What I hear about Brian Thompson is nothing like what you make him out to be. From people that actually know him I hear he was a good guy working to improve United Healthcare.,1,12/25/2024 15:19,15
45581,http://twitter.com/caboosesix/statuses/1871829527481160077,"A CEO that never sees the people that get claims denied can't be defined as a murderer. Brian Thompson didn't go to work each day with a ""how many people can I intentionally kill today"" mindset and for you to malign him as such is disgusting. Idolizing his killer even more so.",1,12/25/2024 8:05,10
45998,http://twitter.com/MarcDamon9/statuses/1871730263274987771,The classic progressive thought on this is that Brian Thompson created an environment of nihilism and crime thus he deserved to be shot due to the conditions he created. This thought process is also bats$&% insane.,1,12/25/2024 1:30,11
46144,http://twitter.com/rathkillon/statuses/1871705631088160852,"Did he tell his followers to do so? Seriously, man. Brian Thompson and Bin Laden are in no way equals. One really was a mass murder and one actually saved millions.",1,12/24/2024 23:52,11
46181,http://twitter.com/KeyLushis/statuses/1871700117843329514,A lot of people are going home to their family this Christmas because of the higher percentage of claim approvals that Luigi caused.,1,12/24/2024 23:30,1
46250,http://twitter.com/MattAAW/statuses/1871686940048986252,"What would we be defending the CEO about? 

Brian Thompson was a great man who contributed to thousands of jobs and 100s of millions of dollars to help people get medical care.",1,12/24/2024 22:38,12
46335,http://twitter.com/astronomy89/statuses/1871672659815354855,You‚Äôre an unaccomplished nobody filled with hate and envy. Brian Thompson was a far better person than you ever were.,1,12/24/2024 21:41,4
46381,http://twitter.com/OGGhostly33/statuses/1871664984910082154,Brian Thompson was replaced the same day you absolute brain dead moron. If you don't like the fact that america is the only place where you are guaranteed Healthcare whether you can pay for it or not by all means leave this fucking country commie bastard,1,12/24/2024 21:11,15
47160,http://twitter.com/Swagner28/statuses/1871564907340271956,BrIaN tHoMpSoN iS tHe ReAl HeRo,1,12/24/2024 14:33,4
48345,http://twitter.com/dugmartsch/statuses/1871356432672870876,"We deserve to live in Luigi's world, but we're living in Brian's. Pretty thankful for that.",1,12/24/2024 0:45,1
48361,http://twitter.com/sean_from_earth/statuses/1871354651876196765,"Writing my new essay:
""Why no one should need to write an essay explaining why people shouldn't celebrate the UnitedHealthcare CEO shooting.""",1,12/24/2024 0:38,5
48379,http://twitter.com/317buddie/statuses/1871352475875439032,"i truly don‚Äôt think luigi mangione is the one who killed him. but if he is, that would change absolutely nothing in my opinion about him. great lad keep it up!",1,12/24/2024 0:29,6
48421,http://twitter.com/JulnesMD/statuses/1871346338329506125,Special announcement: We're now in-network with #UnitedHealthcare (#Optum)! That‚Äôs good news for their members who want treatment at one of the nation‚Äôs leading hospitals for psychiatric or addiction treatment. Call 713-275-5400 for more info.,1,12/24/2024 0:05,0
48531,http://twitter.com/Diego21629/statuses/1871335686500192562,"Ur a pussy, ur glad an innocent unarmed man died simply because you dislike his legal practices, if you cant stand for the freedom of being able to walk on the street without being murdered, u dont stand for anything at all, luigi and all of you are anti society",1,12/23/2024 23:22,6
48702,http://twitter.com/pfirmoof/statuses/1871319708211052834,We're happy not to see you sad. We want to see you well and protected Luigi,1,12/23/2024 22:19,3
48761,http://twitter.com/giga_chad_321/statuses/1871315598354891038,"The alternative could be much worse. Imagine how much worse it would be if you didn‚Äôt have access to any health insurance, such as the one Brian Thompson supposedly handed out personally.",1,12/23/2024 22:03,17
49130,http://twitter.com/DanDandyOne/statuses/1871287222378582466,"I can‚Äôt believe how many morons worship the assassin Luigi Mangione for the killing of the UnitedHealthCare CEO of Brian Thompson. 

Sick bastards!",1,12/23/2024 20:10,13
49305,http://twitter.com/ReconNarwhal/statuses/1871274291733627020,"When you realize stories like this are being used to obfuscate the main reason why Luigi has supporters, you start to look at them very differently. Luigi being attractive looking is just an angle they‚Äôre using to hide the open disdain for private healthcare in this country.",1,12/23/2024 19:18,1
49629,http://twitter.com/bottomhead/statuses/1871253136511471666,"If Luigi Mangione gets off on jury nullification, say what you want, the CEOs of this country will raise wages, improve products, and make worker conditions safer.",1,12/23/2024 17:54,6
49670,http://twitter.com/Vfuckthatman/statuses/1871250371617931343,"He‚Äôs a hero and he knows that 
WE STAND WITH $LUIGI",1,12/23/2024 17:43,1
49947,http://twitter.com/lilliansboutiqu/statuses/1871232772410589474,Brian Thompson didn't put anyone into medical debt.,1,12/23/2024 16:33,15
50775,http://twitter.com/heathrodgirs/statuses/1871083082729812250,"Guy whose client was the UnitedHealthcare CEO Brian Thompson says he understands why Brian was m*rd*red.

Unbelievable. And this guy‚Äôs female partner smiles as she agrees with him.

The dehumanization by the left is abhorrent. They‚Äôre as bad as those they condemn.",1,12/23/2024 6:39,7
51816,http://twitter.com/undeathmetal/statuses/1866222062433718763,"‚ÄúNice try, Luigi. Those insurance companies are still gonna cover those prescriptions and get me PAID‚Äù",1,12/9/2024 20:43,8
52687,http://twitter.com/2020__hindsight/statuses/1869871829940404424,"Someone needs to lie their way onto the jury. 

Practice with me: 
‚ÄúLuigi Who? I love my health insurance!‚Äù

Then cross your arms and say not guilty no matter what evidence they bring in.",1,12/19/2024 22:25,8
53357,http://twitter.com/Itchyitchy23848/statuses/1869834830739058739,Luigi is a trust fund kid who killed a CEO that came from a poor family and had implemented ways to lower costs for common people,1,12/19/2024 19:58,1
54640,http://twitter.com/RickIngersoll/statuses/1869588157882368286,.: The Left is celebrating the murder of the United Healthcare CEO Brian Thompson to promote their socialist takeover of our medical system!,1,12/19/2024 3:38,7
54822,http://twitter.com/CrimeSlog/statuses/1869539267799883836,"Thank you so much for this segment  !!!! I am one of the people who personally, truly respected Brian Thompson as a WONDERFUL leader & can say he was absolutely awesome üíôüíôüíôüíôüíôüíôüíôüíôüíôüíôüíôüíô",1,12/19/2024 0:24,4
54935,http://twitter.com/My_philosophy1/statuses/1869513863068319807,HOPE JIMMY IS THE NEXT CEO OF UNITEDHEALTHCARE.,1,12/18/2024 22:43,2
55637,http://twitter.com/nexshrk/statuses/1869398309582032898,LETS FUCKING GOOOOOOOOOOO,1,12/18/2024 15:04,19
55748,http://twitter.com/crimsonlionn/statuses/1869377631222931481,wdym terrorism bruh I actually feel safer now knowing someone like him exists out there like there is still hope for us,1,12/18/2024 13:42,11
55880,http://twitter.com/slythwalker_28/statuses/1869338969173033021,We are in good hands and Fraser can do Batman,1,12/18/2024 11:08,19
55920,http://twitter.com/FishThoughts/statuses/1869315946067927200,"Then STFU and stay there. Your entire feed is about Luigi and American politics, how pathetic. Insurance gave my sister a $200k heart surgery for a $200 copay. Grow the fuck up and stop thinking you can just kill people to solve problems in a country you don‚Äôt even live in.",1,12/18/2024 9:37,16
56123,http://twitter.com/Ancapta/statuses/1869251581180592167,everything these idiot leftist luigi-stans post makes me more and more radicalized in defense of UnitedHealthcare,1,12/18/2024 5:21,18
56206,http://twitter.com/drewsucks5/statuses/1869236812583256451,YES YES YES,1,12/18/2024 4:22,19
56214,http://twitter.com/AnuragSrivatsa/statuses/1869235409307459828,Some people are mad but I can very much get behind this,1,12/18/2024 4:17,18
56576,http://twitter.com/EcoSocialist84/statuses/1869185073008037949,"Luigi Mangione ~ 
The Patron Saint of 
American Health Care ‚úùÔ∏è üè•",1,12/18/2024 0:57,8
56609,http://twitter.com/ChanunuX/statuses/1869179749026967647,#UnitedHealthcare has a plan for all of us.,1,12/18/2024 0:35,0
57322,http://twitter.com/friedsammich/statuses/1869117840193986676,"No, it's not socialism (yet) but it's far from a free market. The stupid people celebrating the assassination of Brian Thompson are very often the ones who support the things causing the problems they decry. They made the mess. TANSTAAFL.",1,12/17/2024 20:29,10
57463,http://twitter.com/WSHStand/statuses/1869090392584650820,"Instead of expressing shock at the murder of UnitedHealthcare CEO Brian Thompson, many progressives could hardly contain their glee, even praising, excusing, or pining for the alleged gunman, Luigi Mangione.",1,12/17/2024 18:40,18
57492,http://twitter.com/evrynghtfrwrk/statuses/1869085233787855283,Fuck off. Brian Thompson was a hero and worth more to society than all of you and your commie friends combined. May he rest in power,1,12/17/2024 18:20,4
57529,http://twitter.com/ZZcollier/statuses/1869078202876092790,"UnitedHealthcare just approved my prior authorization request in less than an hour. It usually takes weeks if not months. 

They shook!! Lemme gon put some money on Luigi books!",1,12/17/2024 17:52,0
57830,http://twitter.com/Swipesalot/statuses/1869017547154375019,"Wait, so the CEO who was murdered by that Luigi guy was actually trying to bring about positive change to the health insurance industry and make things cheaper for people? Jesus.",1,12/17/2024 13:51,8
58945,http://twitter.com/mikerreports/statuses/1868725266673287489,Trump blasts 'sickness' shown by people who support 'cold-blooded' killing of UnitedHealthcare CEO #UHC #LuigiMangione,1,12/16/2024 18:29,18
59126,http://twitter.com/BelAves/statuses/1868695108750877024,"Beneath the horror of the murder of healthcare CEO Brian Thompson lies a virulent anti-capitalism. We look at our healthcare system, and the incredible value of capitalism.

Listening to ""Bloody Anti-Capitalism "" at",1,12/16/2024 16:30,7
59170,http://twitter.com/NaugatuckRTC/statuses/1868685109819506738,"Chris Murphy‚Ä¶. ‚ÄúI‚Äôm never going to condone gun violence‚Äù‚Ä¶. Then goes on to basically justify the murder of the UnitedHealthCare CEO. 

He also seems to forget that the insurance industry is heavily regulated in all they do due to the ObamaCare act which he voted for.",1,12/16/2024 15:50,9
59366,http://twitter.com/TRoncevich33216/statuses/1868640039900795338,Assistant Professor Julia Alekseyeva of U Penn should be fired and credentials revoked for celebrating murder of United Healthcare CEO Brian Thompson! Her comments were fanning the flames of hate and violence towards anyone that doesn't agree with them. Ivy league schools suck!,1,12/16/2024 12:51,7
59616,http://twitter.com/PashtunJihadist/statuses/1868520626497204564,This is why I‚Äôve officially taken the side of Brian Thompson. Ever since seeing people do fundraisers for Luigi I‚Äôve concluded that AmeriKKKans deserve to be screwed over by health insurance companies.,1,12/16/2024 4:56,16
59718,http://twitter.com/deadparadeband/statuses/1868494720370106683,Totally agree. I imagine several lives have already been saved due to claims that would have been denied previously to Mangione‚Äôs revolutionary action.,1,12/16/2024 3:13,6
59751,http://twitter.com/randylus/statuses/1868487841078276407,#UnitedHealthCare over 5x the runner up...,1,12/16/2024 2:46,0
59802,http://twitter.com/realwillpierce/statuses/1868473271546789986,7/ The American Dream is real. It lived in Brian Thompson. Let‚Äôs honor his legacy by living up to the values he embodied. #UnitedHealthcare #unitedhealthcareceo #AmericanDad #AmericanWay #americafirst #America,1,12/16/2024 1:48,15
59810,http://twitter.com/JuanThomasAnge2/statuses/1868472287466545398,"Brian Thompson grew up in tiny Jewell, Iowa, worked in soybean fields, played basketball, and became valedictorian of his 50-person class. He rose to lead 140,000 employees and $280B in revenue at a top global company. A life of hard work, the American Dream. God bless him.",1,12/16/2024 1:44,4
59982,http://twitter.com/JaneOpines/statuses/1868433873144561811,"Luigi is an elitist, spoiled, rich kid who shot a husband & father in the back who grew up poor on a farm in Iowa & worked hard for his position & improved insurance access for customers.

Rittenhouse shot people attacking him in an effort to do him bodily harm

LIBERAL MORAL ROT",1,12/15/2024 23:12,1
60260,http://twitter.com/Aaron160313304/statuses/1868372237742641395,CEO has a family. The people glorifying luigi are stupid and uneducated and dangerous.,1,12/15/2024 19:07,1
60557,http://twitter.com/Clarksterh/statuses/1868307474467701096,"As America shut down in March 2020, and federal officials struggled to get $$ to desperate health providers, Brian Thompson said UnitedHealth could do it asap ‚Äî and they did.

The $135 billion fund helped keep countless providers afloat.

Thompson‚Äôs role has never been reported.",1,12/15/2024 14:49,17
60595,http://twitter.com/BenEug/statuses/1868300006584889735,"The Left's Boogeyman politics.

Spit on the grave of the UnitedHealthcare CEO to undermine free enterprise, advance bigger govt and avoid accounting for the ravages of Obamacare. 

That's okay,  is happy to do the audit for them.",1,12/15/2024 14:20,9
60651,http://twitter.com/pinkmanesque/statuses/1868290588044665280,Luigi saving lives in more ways than expected,1,12/15/2024 13:42,1
60714,http://twitter.com/AvrilSigerson/statuses/1868279168300970423,This is brilliant and extremely on point. Turn it up!! #UnitedHealthcare,1,12/15/2024 12:57,0
61082,http://twitter.com/youo56/statuses/1868141098872582286,I really am sadden by his death. Fuck Luigi. Murderer. Brian Thompson was a great man.,1,12/15/2024 3:48,6
61099,http://twitter.com/JuanMos05692587/statuses/1868136797106221413,"AOC, other progressives condemn violence but suggest justification for killing of UnitedHealthcare CEO. Hmmm, what if we celebrated their demise? They‚Äôd be outraged. These people are not serious or intelligent.",1,12/15/2024 3:31,5
61753,http://twitter.com/breed_full/statuses/1868021523384250794,"Luigi grew up in privilege, was never even a customer of UHC, apparently did get treatment for his back.

Brian Thompson grew up middle class and made his own way.

Liberals are cheering on a coddled rich kid who murdered a good guy who worked for everything he had.",1,12/14/2024 19:53,1
61873,http://twitter.com/jimhikes1/statuses/1868006606681813351,"From : The murder of UnitedHealthcare‚Äôs CEO highlights the threat of left-wing violence, fueled by a generation taught to see profit as harmful, despite evidence to the contrary.",1,12/14/2024 18:54,5
61915,http://twitter.com/BUDDYHEAD_/statuses/1868001120599322833,"Be like Luigi. He is the blueprint, the people will love you.",1,12/14/2024 18:32,3
61918,http://twitter.com/USAProudPatriot/statuses/1868000989476999462,"Elizabeth Warren disgustingly defends Luigi Mangione, the killer of the UnitedHealthcare UHC CEO Brian Thompson.

Elizabeth Warren condoning this murderer is unacceptable. 
Don't let her off the hook!",1,12/14/2024 18:31,13
62665,http://twitter.com/notquitegonzo/statuses/1867878911100829908,"I see you've been quadruple ratioed

Would you say you learned anything? If so, what? 

Don't talk badly about our guy, Luigi",1,12/14/2024 10:26,3
62763,http://twitter.com/Sekhukhune_/statuses/1867845619563606353,"hi I am the partner with the messed up back
- I am not Luigi nor going to pull a Luigi
- I needed surgery from the ER so didn't get to pick my surgeon
- my v good tech health insurance denied the claim $60k+ claim originally, but after four months of appeals + reviews, approved",1,12/14/2024 8:14,16
63362,http://twitter.com/Les_loves_Humbl/statuses/1866903955231609241,"JUSTICE FOR BRIAN. THE PEOPLE NEED TO RALLY FOR WHAT IS GOOD. NOT WHAT IS BAD.

BRIAN THOMPSON WAS SHOT AND MURDERED IN COLD BLOOD. HIS FAMILY WANT JUSTICE.",1,12/11/2024 17:52,14
64094,http://twitter.com/MischiefAnglo/statuses/1866874383538761918,"In retrospect, the CEO of UnitedHealthCare was not paid enough.",1,12/11/2024 15:55,2
64707,http://twitter.com/Lawrenc28999301/statuses/1866849477828522189,Look stupid no matter what hs beef was with UNITED HEALTHCARE it's no justification for shooting a man in the #BACK & this punk Luigi Mangione family probably has more money than the CEO BRIAN THOMPSON he cowardly killed & certainly more money than you DUMMIES who glorify him!,1,12/11/2024 14:16,13
65504,http://twitter.com/Strookyy/statuses/1866798290563633238,YALL ARE NOT READY FOR THE UNITEDHEALTHCARE WARSHIP,1,12/11/2024 10:52,0
65619,http://twitter.com/BVLLGARIAN/statuses/1866785536326726137,Brian Thompson was a hero,1,12/11/2024 10:02,4
65952,http://twitter.com/ValyrianSteel01/statuses/1866748911400128804,He jealous because he doesn‚Äôt protect the people like Luigi did,1,12/11/2024 7:36,1
65991,http://twitter.com/Politicainforum/statuses/1866745104301691149,"When a #hero comes along! #Healthcare in #America #LuigiMangione üí™üèªüëçüèªüôå
#BrianThompson #UnitedHealthcare",1,12/11/2024 7:21,16
66933,http://twitter.com/Savi3ur/statuses/1866689187128447310,Can't believe he tried to assasinate the UnitedHealthCare CEO... this is why we need to protect our local CEOs more!,1,12/11/2024 3:39,9
67162,http://twitter.com/Cincinnatus56/statuses/1866679404992291264,"In basically every appreciable way I am closer to Brian Thompson than Luigi Mangione and I have nothing but contempt for the giant morons who identify with the shooter. 

If that means that the majority of Americans are giant morons then I‚Äôm happy to say it.",1,12/11/2024 3:00,6
67317,http://twitter.com/ConstiRepublic/statuses/1866673370877624496,"Tonight I joined  on NEWSMAX to discuss the disgraceful behavior of many on the left celebrating the murder of a 50 year old father of 2,  CEO Brian Thompson",1,12/11/2024 2:36,10
67631,http://twitter.com/louaylorrie/statuses/1866661533008199898,"im sorry but all these are so stupid, like what are you trying to prove? if anything, this just proves that NO ONE is safe from an unfair and disgusting system such as the health industry, you‚Äôre just making me angrier and more supportive of him ü§∑üèª‚Äç‚ôÄÔ∏è",1,12/11/2024 1:49,18
67703,http://twitter.com/BerserkProdigy/statuses/1866659537807184326,"(Fuck winter, fuck daylight savings- you‚Äôre gonna pull through and the insurance will take care of it cause if not. Can pull a luigi.)",1,12/11/2024 1:41,1
67848,http://twitter.com/Keno7269/statuses/1866654334764634206,"‚ÄúTHE WAY THE LEFT IS FANTASIZING OVER THE DEATH OF ANOTHER HUMAN BEING IS JUST SICK!‚Äù  and the hosts of  discuss the liberal support of the murderer of UnitedHealthCare‚Äôs CEO. ""The left seems to be on the other side of right and wrong.‚Äù",1,12/11/2024 1:20,5
68176,http://twitter.com/KennethShoretx/statuses/1866642931664224612,It was completely seemless. They just took care of it. There was never any issues of coverage. It was just no add'l stress at a very emotional time for us. I am very greatful to #UnitedHealthcare,1,12/11/2024 0:35,2
68290,http://twitter.com/juliawww/statuses/1866639766139060628,Funny to come across my old tweet to #UnitedHealthcare - and former CEO Andrew Witty.. and the tweet got results,1,12/11/2024 0:22,2
68494,http://twitter.com/iPrizmos/statuses/1866632836230316189,"My mom has cancer and UnitedHealthcare paid about 1.8 million dollars of her hospital bills. The chemo, medicine, surgeries, etc were all paid for. So tell me, did you have a personal experience or are you just going off of what you see on the internet?",1,12/10/2024 23:55,2
69052,http://twitter.com/epiphanist1248/statuses/1866615828734525595,Luigi Mangione never denied my insurance claims,1,12/10/2024 22:47,8
69102,http://twitter.com/ElephantOpin/statuses/1866614525597712546,"Firstly, Brian Thompson was not a Government leader. 

Secondly, denied claims are not denied care.

You are insane.",1,12/10/2024 22:42,10
69801,http://twitter.com/SOULLESSAUTOMO/statuses/1866598344635879605,"HE WAS‚Ä¶.
HE WAS BASED?!??!?",1,12/10/2024 21:38,13
70769,http://twitter.com/ahughes957/statuses/1866577123168883006,"The disgraceful posts I've seen denegrating the heroic actions of Luigi Mangione against corporate evil last week are repulsive and indicate the absence of even a modicum of moral or ethical virtue. If only we all had the same courage and dignity.
#LuigiMangione",1,12/10/2024 20:14,6
71180,http://twitter.com/noritar0/statuses/1866568796187791576,LUIGI MANGIONE AMONG US?? THE MAN THAT YOU ARE üòçüòç,1,12/10/2024 19:40,3
71567,http://twitter.com/ntfn24/statuses/1866560458121154718,"She's as EVIL as the man who assassinated Brian Thompson. Not bad, EVIL. I've worked for 50 years in healthcare and she's just wrong about it. It's not perfect but it beats any other system in the world. Try getting care in Canada or France. You'll wait months.",1,12/10/2024 19:07,9
